würd	B2
verschwand	B2
russen	B2
führer	B2
gemerkt	B2
loslassen	B2
antrag	B2
schieß	B2
benehmen	B2
verdacht	B2
vampir	B2
probe	B2
verzeih	B2
ertönt	B2
verbrannt	B2
verdammtes	B2
stinkt	B2
schnappt	B2
heil	B2
besitzer	B2
verteidigung	B2
lügst	B2
einst	B2
behandlung	B2
applaus	B2
besessen	B2
bewahren	B2
angreifen	B2
truppen	B2
kommandant	B2
hass	B2
posten	B2
ursache	B2
gewiss	B2
senator	B2
anteil	B2
stets	B2
ritter	B2
basis	B2
schock	B2
empfang	B2
fingerabdrücke	B2
einfluss	B2
erstaunlich	B2
schwachsinn	B2
gabe	B2
verpiss	B2
umständen	B2
angelegenheit	B2
mordes	B2
ächzt	B2
erwischen	B2
gouverneur	B2
gedächtnis	B2
staatsanwalt	B2
ewigkeit	B2
störung	B2
hauptmann	B2
umstände	B2
stöhnen	B2
identität	B2
hirn	B2
diener	B2
kugeln	B2
dutzend	B2
verdienst	B2
bedrohung	B2
begangen	B2
leidenschaft	B2
geliebte	B2
voran	B2
graf	B2
überfallen	B2
penner	B2
identifizieren	B2
jäger	B2
pfarrer	B2
zauber	B2
rückkehr	B2
indianer	B2
stahl	B2
miststück	B2
jungfrau	B2
reingelegt	B2
klauen	B2
ungern	B2
abmachung	B2
verbergen	B2
korrektur	B2
titten	B2
stellung	B2
höhle	B2
weib	B2
ausgerechnet	B2
ex	B2
belohnung	B2
scheißkerl	B2
funk	B2
hurensohn	B2
scheinbar	B2
vampire	B2
erneut	B2
dummkopf	B2
gerüchte	B2
bezweifle	B2
geschnappt	B2
verhandeln	B2
weswegen	B2
inneren	B2
gentleman	B2
warnung	B2
gemeinde	B2
diamanten	B2
gewöhnlich	B2
seil	B2
ware	B2
roboter	B2
käfig	B2
fantasie	B2
kommissar	B2
schuldest	B2
rächen	B2
womöglich	B2
menschlichen	B2
führung	B2
gestanden	B2
schütze	B2
unterlagen	B2
palast	B2
graben	B2
auftauchen	B2
wovor	B2
terroristen	B2
bekämpfen	B2
lärm	B2
flehe	B2
betrachten	B2
widerstand	B2
bergen	B2
bescheuert	B2
revolution	B2
mädel	B2
ermittlungen	B2
rätsel	B2
versetzt	B2
bibel	B2
heiliger	B2
reiß	B2
kopie	B2
ungewöhnlich	B2
geschaffen	B2
deck	B2
narr	B2
scheißegal	B2
höchstens	B2
übersehen	B2
geirrt	B2
spielchen	B2
nutte	B2
hubschrauber	B2
vernichtet	B2
derselbe	B2
haken	B2
munition	B2
sünde	B2
militär	B2
gefasst	B2
anzeichen	B2
hintergrund	B2
erwähnen	B2
reißen	B2
genial	B2
kram	B2
schnapp	B2
zunächst	B2
keinerlei	B2
technologie	B2
ruinieren	B2
umso	B2
safe	B2
derselben	B2
katastrophe	B2
versicherung	B2
einstellen	B2
verwandeln	B2
reporter	B2
abgeben	B2
motiv	B2
schalten	B2
gewöhnen	B2
schieben	B2
zweitens	B2
drachen	B2
erschöpft	B2
verlange	B2
verrat	B2
hexen	B2
live	B2
legende	B2
taub	B2
hopp	B2
last	B2
vergleich	B2
großzügig	B2
scheiden	B2
einstellung	B2
köstlich	B2
einheiten	B2
warne	B2
angeschossen	B2
sklaven	B2
stille	B2
asche	B2
spion	B2
hervorragend	B2
verärgert	B2
überfall	B2
schwäche	B2
unterstützt	B2
ausdruck	B2
pleite	B2
beleidigt	B2
knopf	B2
beweist	B2
heimlich	B2
eingehen	B2
greift	B2
mächtig	B2
sinnlos	B2
versaut	B2
atem	B2
anstellen	B2
flotte	B2
umgebung	B2
beteiligt	B2
schämen	B2
zack	B2
durchsuchen	B2
rollen	B2
gefangene	B2
sünden	B2
sender	B2
verlass	B2
räumen	B2
ausreden	B2
diejenige	B2
herrscht	B2
flüstert	B2
colt	B2
reizend	B2
leib	B2
scheisse	B2
vergewaltigt	B2
lieferung	B2
botschafter	B2
knarre	B2
phase	B2
handschellen	B2
versehen	B2
bande	B2
treu	B2
besiegt	B2
existieren	B2
proben	B2
beschissen	B2
gewinne	B2
personal	B2
bewaffnet	B2
wirkung	B2
therapie	B2
amüsieren	B2
ordentlich	B2
nähern	B2
decken	B2
sinne	B2
leutnant	B2
zauberer	B2
abstand	B2
bewusstsein	B2
nation	B2
kontrolliert	B2
treffer	B2
ratten	B2
tempel	B2
vergiftet	B2
wunden	B2
ausrüstung	B2
segen	B2
präsentiert	B2
kehle	B2
krone	B2
garantiert	B2
durchsucht	B2
verfluchte	B2
ladies	B2
ladung	B2
alibi	B2
bestie	B2
beute	B2
bau	B2
liebhaber	B2
ersetzen	B2
verfahren	B2
stiefel	B2
allzu	B2
orten	B2
hitze	B2
knurrt	B2
zone	B2
entschlossen	B2
aktiviert	B2
ausweg	B2
hinweg	B2
geiseln	B2
segne	B2
steuer	B2
raumschiff	B2
admiral	B2
entgegen	B2
fasse	B2
strecke	B2
baron	B2
behörden	B2
puls	B2
widerlich	B2
laster	B2
sozusagen	B2
vision	B2
highschool	B2
irrtum	B2
klienten	B2
gegenwart	B2
protokoll	B2
durchaus	B2
grausam	B2
verwickelt	B2
wade	B2
blicken	B2
diejenigen	B2
pinkeln	B2
erheben	B2
paradies	B2
jenseits	B2
arschlöcher	B2
konsequenzen	B2
verdächtige	B2
anblick	B2
handel	B2
kämpfer	B2
bedenken	B2
sitzung	B2
tapfer	B2
narren	B2
abhalten	B2
laufenden	B2
mies	B2
sarg	B2
drinks	B2
soeben	B2
begriff	B2
versichere	B2
schilde	B2
muster	B2
überwachen	B2
papst	B2
einsetzen	B2
gewinn	B2
heftig	B2
vorfall	B2
freier	B2
ruhm	B2
geschwindigkeit	B2
verpflichtet	B2
betrüger	B2
wille	B2
königreich	B2
kehren	B2
belogen	B2
bursche	B2
geständnis	B2
blitz	B2
furcht	B2
bezüglich	B2
faszinierend	B2
aufmerksam	B2
entführung	B2
keucht	B2
erhielt	B2
treue	B2
felsen	B2
zorn	B2
ausgesetzt	B2
generation	B2
ausrichten	B2
ausnahme	B2
ebene	B2
stürzen	B2
gefälligst	B2
geliebten	B2
tempo	B2
unterbrechen	B2
täuschen	B2
witwe	B2
gerede	B2
betrug	B2
trauer	B2
anwesenheit	B2
rand	B2
befragen	B2
bestrafen	B2
sachte	B2
identifiziert	B2
gestehen	B2
koma	B2
bewusstlos	B2
jude	B2
absichtlich	B2
vermasselt	B2
verschlossen	B2
sowie	B2
gesang	B2
fortschritte	B2
vorhaben	B2
verzichten	B2
existenz	B2
drehbuch	B2
ohnmächtig	B2
zaun	B2
wächter	B2
blasen	B2
betrachtet	B2
verhungern	B2
schluchzt	B2
übertrieben	B2
heilmittel	B2
apparat	B2
lediglich	B2
krass	B2
staffel	B2
einbruch	B2
stammen	B2
befürchte	B2
versagen	B2
whiskey	B2
thron	B2
truppe	B2
übertragen	B2
chip	B2
loyalität	B2
vertreten	B2
verhandlung	B2
brüllt	B2
letztendlich	B2
krise	B2
penis	B2
whisky	B2
gelächter	B2
einspruch	B2
kaution	B2
gerissen	B2
festgenommen	B2
befohlen	B2
koordinaten	B2
herzinfarkt	B2
knall	B2
nebenbei	B2
front	B2
brand	B2
zwischenzeit	B2
eingesetzt	B2
anlegen	B2
schwör	B2
kreatur	B2
verderben	B2
zugriff	B2
blutdruck	B2
gefickt	B2
gründlich	B2
tragödie	B2
vollständig	B2
psychiater	B2
rasse	B2
kummer	B2
testament	B2
entfernung	B2
verlegen	B2
heroin	B2
gelände	B2
kutsche	B2
ausgeschlossen	B2
regisseur	B2
vielmals	B2
bestand	B2
erbe	B2
zuständig	B2
beunruhigt	B2
innere	B2
kanone	B2
marine	B2
brillant	B2
köder	B2
nähert	B2
vorgehen	B2
kleinigkeit	B2
geisel	B2
gerecht	B2
trost	B2
spinner	B2
vergebung	B2
vieh	B2
gefesselt	B2
angehen	B2
schicht	B2
verhältnis	B2
gelangen	B2
vernunft	B2
sprung	B2
anständig	B2
gangster	B2
aufzeichnungen	B2
endgültig	B2
riskant	B2
lohn	B2
erleichtert	B2
scheune	B2
kotzen	B2
blödmann	B2
symptome	B2
vorfahren	B2
nutzlos	B2
verprügelt	B2
fabelhaft	B2
klinge	B2
beileid	B2
durchführen	B2
unschuld	B2
seist	B2
gestatten	B2
biest	B2
ausgelöst	B2
verarscht	B2
begehen	B2
hauptquartier	B2
überreden	B2
schläger	B2
verfassung	B2
master	B2
quietschen	B2
eigenartig	B2
krankenstation	B2
leine	B2
beschädigt	B2
grundstück	B2
mine	B2
sauerstoff	B2
versager	B2
deinetwegen	B2
angeklagt	B2
knacken	B2
panzer	B2
zerstörung	B2
stirn	B2
sanft	B2
kloster	B2
charmant	B2
anlass	B2
atmosphäre	B2
leber	B2
dämlich	B2
tarnung	B2
alpha	B2
faust	B2
auftreten	B2
dschungel	B2
klage	B2
akt	B2
schießerei	B2
spruch	B2
moral	B2
angelegenheiten	B2
spezies	B2
brunnen	B2
eigentum	B2
diebstahl	B2
betrieb	B2
absurd	B2
gegensatz	B2
vergehen	B2
ahnen	B2
herzog	B2
oberfläche	B2
zwang	B2
vereint	B2
schoss	B2
hergebracht	B2
just	B2
durchziehen	B2
vorschriften	B2
beherrschen	B2
andererseits	B2
gene	B2
entführen	B2
jury	B2
feige	B2
bewährung	B2
umgeben	B2
berater	B2
bellt	B2
locken	B2
trennung	B2
lautsprecher	B2
umwerfend	B2
kanzlei	B2
zufolge	B2
anschlag	B2
timing	B2
befehlen	B2
dazwischen	B2
objekt	B2
kokain	B2
strategie	B2
gräfin	B2
genosse	B2
ungut	B2
verteilen	B2
überfahren	B2
engagiert	B2
manipuliert	B2
zellen	B2
schmeißen	B2
summt	B2
verschaffen	B2
persönlichkeit	B2
streichen	B2
weisheit	B2
zielen	B2
erhöhen	B2
kameraden	B2
eingebrochen	B2
erwähnte	B2
premierminister	B2
geringste	B2
infiziert	B2
jubel	B2
klänge	B2
bewacht	B2
lehren	B2
präsentieren	B2
nacken	B2
sprengen	B2
einsperren	B2
zusammenhang	B2
beschuldigt	B2
verlegt	B2
verdanken	B2
behilflich	B2
dreckskerl	B2
mitgefühl	B2
heirat	B2
widerstehen	B2
höchst	B2
methoden	B2
notaufnahme	B2
ermitteln	B2
sämtliche	B2
vereinbarung	B2
harmlos	B2
weiber	B2
bezug	B2
marsch	B2
ermittlung	B2
manieren	B2
befördert	B2
reiter	B2
empfinden	B2
quasi	B2
hupen	B2
vorüber	B2
ausdrücken	B2
rebellen	B2
schuppen	B2
einrichtung	B2
sensoren	B2
verdächtig	B2
aufgebracht	B2
alternative	B2
experte	B2
abschaum	B2
überwacht	B2
ausgedrückt	B2
riss	B2
verschwörung	B2
andermal	B2
schmeißt	B2
fürst	B2
melancholische	B2
verhindert	B2
operiert	B2
unfassbar	B2
herrin	B2
fordern	B2
kriminelle	B2
verschafft	B2
anspruch	B2
räuspert	B2
unsichtbar	B2
kardinal	B2
kommunikation	B2
operieren	B2
analyse	B2
wehren	B2
rente	B2
zeremonie	B2
zeugin	B2
rührt	B2
versichert	B2
elend	B2
andauernd	B2
ungeheuer	B2
ansicht	B2
anlage	B2
aufstand	B2
absolute	B2
gnaden	B2
unwahrscheinlich	B2
fesseln	B2
morden	B2
reichweite	B2
beleidigen	B2
beeinflussen	B2
heult	B2
empfinde	B2
heran	B2
konkurrenz	B2
erfordert	B2
festung	B2
pastor	B2
kratzer	B2
durchgeführt	B2
intelligenz	B2
rückzug	B2
bude	B2
nüchtern	B2
erschießt	B2
arrangiert	B2
verwundet	B2
düstere	B2
ranch	B2
gerücht	B2
umlegen	B2
gehorchen	B2
zurückziehen	B2
pfeil	B2
belästigen	B2
sektor	B2
häuptling	B2
vorübergehend	B2
miese	B2
gefährdet	B2
verängstigt	B2
republik	B2
hinsicht	B2
beschissene	B2
vergraben	B2
zivilisation	B2
verhaftung	B2
versetzen	B2
büßen	B2
eid	B2
burschen	B2
telegramm	B2
mafia	B2
besoffen	B2
inwiefern	B2
herrschaften	B2
bedauern	B2
aufrichtig	B2
erweisen	B2
zurücklassen	B2
mandanten	B2
quartier	B2
zugelassen	B2
vorwürfe	B2
arrangieren	B2
status	B2
zweifellos	B2
angebracht	B2
pressen	B2
papierkram	B2
instinkt	B2
flitterwochen	B2
narbe	B2
vorgesetzten	B2
geliebter	B2
zutritt	B2
vergewaltigung	B2
streich	B2
kichert	B2
kreaturen	B2
angerichtet	B2
verklagen	B2
stamm	B2
antreten	B2
vorstand	B2
schwuchtel	B2
schrecken	B2
stall	B2
quitt	B2
läutet	B2
unverständlich	B2
betracht	B2
rühren	B2
angesicht	B2
einnehmen	B2
zivilisten	B2
beurteilen	B2
division	B2
festnehmen	B2
kern	B2
erfindung	B2
autopsie	B2
gnädige	B2
beiseite	B2
geschworenen	B2
beseitigen	B2
ausführen	B2
irrer	B2
ersparen	B2
genehmigung	B2
schneider	B2
gefährden	B2
urteilen	B2
butler	B2
haltung	B2
ruhestand	B2
anhörung	B2
gauner	B2
geschrei	B2
ruder	B2
platten	B2
geliehen	B2
befolgen	B2
belästigt	B2
zombie	B2
vorgeht	B2
heißes	B2
überprüfe	B2
veröffentlicht	B2
erschieß	B2
mahlzeit	B2
offizielle	B2
aufbrechen	B2
überlasse	B2
kenntnis	B2
beschissenen	B2
verbindet	B2
sanitäter	B2
überraschend	B2
geantwortet	B2
droht	B2
italienisch	B2
verhör	B2
größeres	B2
klagen	B2
dichter	B2
großartiger	B2
gratis	B2
fürchtet	B2
abzuholen	B2
gefühlen	B2
beschäftigen	B2
unglaubliche	B2
selbe	B2
spürt	B2
funkgerät	B2
abgegeben	B2
angemessen	B2
ohnehin	B2
chinesisch	B2
orden	B2
wählt	B2
lustige	B2
abhängen	B2
vierten	B2
schläge	B2
zögern	B2
bezeichnen	B2
seltsames	B2
beruflich	B2
bedeckt	B2
anzufangen	B2
geraucht	B2
töteten	B2
begeben	B2
verständlich	B2
pop	B2
merkte	B2
infektion	B2
entspricht	B2
winkel	B2
experten	B2
betten	B2
boxen	B2
torte	B2
austausch	B2
aufregen	B2
vermuten	B2
geheimdienst	B2
schlangen	B2
erholt	B2
überzeugend	B2
genick	B2
wuchs	B2
autorität	B2
schinken	B2
langes	B2
fetten	B2
hai	B2
binden	B2
erpressung	B2
derzeit	B2
getäuscht	B2
keines	B2
sammlung	B2
anruft	B2
tauchte	B2
weist	B2
ergreifen	B2
frohes	B2
hänge	B2
bewohner	B2
entschied	B2
supermarkt	B2
offiziere	B2
verwandte	B2
schwachkopf	B2
rangehen	B2
kündigen	B2
geldes	B2
dealer	B2
könige	B2
januar	B2
priorität	B2
beförderung	B2
kranke	B2
eifersucht	B2
heutige	B2
sprang	B2
kürze	B2
erbärmlich	B2
erfasst	B2
besonderer	B2
geräte	B2
tanze	B2
königliche	B2
durchmachen	B2
verschwendet	B2
akzeptiere	B2
ausgeschaltet	B2
ufer	B2
risiken	B2
schrie	B2
beeinflusst	B2
aussiehst	B2
ausgebildet	B2
bezirk	B2
herrje	B2
beauftragt	B2
geschützt	B2
abgeschnitten	B2
qualität	B2
henker	B2
ausgezogen	B2
versichern	B2
gewinnst	B2
beschloss	B2
kapierst	B2
scheibe	B2
konferenz	B2
länder	B2
flecken	B2
sonnenaufgang	B2
braun	B2
diagnose	B2
paranoid	B2
weltraum	B2
vorbild	B2
halle	B2
wandern	B2
frost	B2
gehandelt	B2
kabine	B2
chefin	B2
römer	B2
weinst	B2
bäumen	B2
datenbank	B2
suchten	B2
gesegnet	B2
teilnehmen	B2
umbringt	B2
blonde	B2
bunker	B2
mieser	B2
löffel	B2
geteilt	B2
klaren	B2
abhängig	B2
überlebenden	B2
geeignet	B2
hindern	B2
fahrstuhl	B2
ausgeht	B2
flagge	B2
komplette	B2
hing	B2
italiener	B2
disziplin	B2
erzogen	B2
kongress	B2
eingezogen	B2
kurzer	B2
schirm	B2
charme	B2
vorlesen	B2
gefährlicher	B2
mitfahren	B2
anzeigen	B2
schieb	B2
empfindlich	B2
parken	B2
koche	B2
gestrichen	B2
berühmten	B2
manchen	B2
klopf	B2
reichlich	B2
lügnerin	B2
mode	B2
songs	B2
breche	B2
ausgeraubt	B2
hahn	B2
wußte	B2
krachen	B2
spürte	B2
versammlung	B2
folter	B2
speck	B2
bedrohliche	B2
piept	B2
verbreitet	B2
tore	B2
vorräte	B2
saal	B2
wirtschaft	B2
fremd	B2
mehrmals	B2
generationen	B2
coole	B2
kaufst	B2
abbrechen	B2
seife	B2
herde	B2
zwerg	B2
z.b.	B2
neffen	B2
festgehalten	B2
ablenkung	B2
totale	B2
herrscher	B2
überstehen	B2
sprengstoff	B2
erdbeben	B2
level	B2
figuren	B2
älteren	B2
po	B2
spinnt	B2
gleichgewicht	B2
schalter	B2
kumpels	B2
zuneigung	B2
rollstuhl	B2
bienen	B2
mischen	B2
hauptstadt	B2
koks	B2
piepen	B2
langem	B2
umsehen	B2
gelegen	B2
banditen	B2
hasste	B2
getestet	B2
dosis	B2
glaubten	B2
somit	B2
ernähren	B2
hacken	B2
kammer	B2
roll	B2
bezaubernd	B2
wiederholt	B2
zueinander	B2
tattoo	B2
einschließlich	B2
finsternis	B2
betrachte	B2
schmerzt	B2
gelehrt	B2
gewechselt	B2
menschliches	B2
redete	B2
frühen	B2
entdeckte	B2
wirkte	B2
versprichst	B2
scheine	B2
transporter	B2
moderne	B2
wilder	B2
abgelenkt	B2
abzug	B2
becher	B2
sicherstellen	B2
anweisung	B2
klettern	B2
fingern	B2
geste	B2
spürst	B2
privatleben	B2
zusammenarbeit	B2
hinauf	B2
sicherheitsdienst	B2
kaugummi	B2
weltkrieg	B2
huren	B2
gemeinsamen	B2
garantieren	B2
kommunizieren	B2
cm	B2
blieben	B2
technisch	B2
frühstücken	B2
billiger	B2
standort	B2
wagt	B2
leugnen	B2
beißt	B2
landung	B2
ernste	B2
schockiert	B2
esst	B2
begleitung	B2
allianz	B2
vermutet	B2
echo	B2
herstellen	B2
lokal	B2
sklave	B2
honig	B2
videos	B2
verkehrt	B2
göttin	B2
segeln	B2
bewahrt	B2
hinterließ	B2
ganzer	B2
verurteilen	B2
höchsten	B2
februar	B2
privaten	B2
begegnung	B2
steige	B2
feuerwehr	B2
beginne	B2
ähnliches	B2
grauen	B2
wärter	B2
gewann	B2
vertreter	B2
starker	B2
liebend	B2
schoß	B2
serviert	B2
heilig	B2
bißchen	B2
security	B2
genaue	B2
gewaltig	B2
knoten	B2
begriffen	B2
klarstellen	B2
hinrichtung	B2
überwinden	B2
ablegen	B2
einfällt	B2
wundert	B2
stimmte	B2
drohen	B2
entgehen	B2
stundenlang	B2
hausmeister	B2
helikopter	B2
puppen	B2
aussah	B2
beobachte	B2
check	B2
juwelen	B2
bogen	B2
duft	B2
ankam	B2
respektiert	B2
schein	B2
gewehre	B2
kellnerin	B2
vertraulich	B2
insgesamt	B2
ächzen	B2
untersuchungen	B2
fliegst	B2
platt	B2
aufrecht	B2
geprüft	B2
bedient	B2
mangel	B2
hoher	B2
knien	B2
hobby	B2
nachtisch	B2
kollegin	B2
alptraum	B2
ausgesehen	B2
reichtum	B2
eisen	B2
haftbefehl	B2
verletzte	B2
buchstäblich	B2
größter	B2
flieg	B2
dreckige	B2
erfinden	B2
ernte	B2
kamin	B2
weste	B2
sahst	B2
kennzeichen	B2
kronen	B2
wage	B2
siegen	B2
verlobten	B2
würdig	B2
aufwacht	B2
gratulieren	B2
schwager	B2
infos	B2
föderation	B2
dose	B2
wärme	B2
erschienen	B2
magazin	B2
klemme	B2
schenkt	B2
verstoßen	B2
kräftig	B2
herzens	B2
nachbarin	B2
igitt	B2
formel	B2
hervor	B2
wohnwagen	B2
wegwerfen	B2
spinne	B2
tumor	B2
bezahlung	B2
päckchen	B2
grob	B2
nagel	B2
starren	B2
vertreiben	B2
wirkst	B2
traust	B2
heiratete	B2
neuesten	B2
e-mails	B2
gitter	B2
blocks	B2
erobern	B2
gin	B2
spinnen	B2
gestalt	B2
liter	B2
illusion	B2
plaudern	B2
schneidet	B2
welle	B2
haft	B2
seltsamen	B2
spannung	B2
knallt	B2
zurückzukehren	B2
bestimmung	B2
tresor	B2
verfluchten	B2
fischer	B2
verluste	B2
lehre	B2
revolver	B2
schrott	B2
verbringt	B2
wähle	B2
films	B2
vorhang	B2
mitspielen	B2
erregt	B2
arbeiteten	B2
aufgelöst	B2
überlass	B2
trag	B2
überein	B2
unterrichtet	B2
ungewöhnliches	B2
lagerhaus	B2
raub	B2
visionen	B2
firmen	B2
verhandlungen	B2
fickt	B2
verdorben	B2
produktion	B2
füreinander	B2
krankheiten	B2
schräg	B2
bluten	B2
meinten	B2
beamten	B2
bereden	B2
einmischen	B2
ärsche	B2
futter	B2
verknallt	B2
muschi	B2
beschuldigen	B2
aktien	B2
scheißer	B2
sexuell	B2
kinderspiel	B2
magische	B2
dummheit	B2
gezahlt	B2
bewegungen	B2
karre	B2
abziehen	B2
bedarf	B2
üblichen	B2
umgelegt	B2
inhalt	B2
dankbarkeit	B2
peng	B2
herkommt	B2
geehrt	B2
träumte	B2
make-up	B2
verhört	B2
messe	B2
anwesen	B2
deutscher	B2
saubere	B2
gebete	B2
pommes	B2
lande	B2
ruht	B2
anerkennung	B2
wunderbaren	B2
galaxie	B2
vermutung	B2
inklusive	B2
überwachung	B2
unabhängig	B2
fernhalten	B2
statue	B2
bestätigung	B2
finale	B2
verzweiflung	B2
gewährt	B2
deprimiert	B2
erteilen	B2
rahmen	B2
durchgedreht	B2
erteilt	B2
fotze	B2
fehlte	B2
verlorene	B2
kanonen	B2
klub	B2
britischen	B2
aufzubauen	B2
jubeln	B2
ausgelöscht	B2
servieren	B2
weltweit	B2
fotografieren	B2
niederlage	B2
zehen	B2
schwächen	B2
sternen	B2
bemühen	B2
logik	B2
stillen	B2
beschaffen	B2
abgezogen	B2
klassische	B2
außergewöhnlich	B2
gruppen	B2
schwarzes	B2
durchhalten	B2
weitergeht	B2
kooperieren	B2
mächtigen	B2
greif	B2
mehreren	B2
verschwindest	B2
forderungen	B2
anfall	B2
klare	B2
wunderschönen	B2
bestehe	B2
verkaufte	B2
aufeinander	B2
hässliche	B2
großem	B2
mitbekommen	B2
ingenieur	B2
andenken	B2
eintreten	B2
kämpfte	B2
zustimmung	B2
besagt	B2
roter	B2
flamme	B2
aufzuhören	B2
dokument	B2
schuhen	B2
federn	B2
paps	B2
auswendig	B2
spezielle	B2
experimente	B2
szenen	B2
gezählt	B2
pfannkuchen	B2
hase	B2
aufenthalt	B2
verstecke	B2
summen	B2
blutung	B2
hilflos	B2
staatsanwaltschaft	B2
ehrlichkeit	B2
messen	B2
mächtige	B2
stur	B2
ringe	B2
weiterleben	B2
aufspüren	B2
keks	B2
rückgängig	B2
fünfte	B2
mieten	B2
speziell	B2
neugier	B2
nägel	B2
ausgefallen	B2
verstorbenen	B2
verkleidet	B2
entdeckung	B2
rauche	B2
betteln	B2
blond	B2
weggegangen	B2
nutze	B2
abgebrochen	B2
herkunft	B2
annahme	B2
wirfst	B2
gestank	B2
hintertür	B2
truthahn	B2
gefüllt	B2
bereithalten	B2
vorhat	B2
touristen	B2
fordere	B2
tagsüber	B2
feucht	B2
jeans	B2
befragung	B2
abgelaufen	B2
wunderbarer	B2
depp	B2
hüte	B2
ausschau	B2
kreischt	B2
bellen	B2
manipulieren	B2
studie	B2
knurren	B2
busch	B2
abwesenheit	B2
reitet	B2
komplizierter	B2
traut	B2
bestellung	B2
tatsachen	B2
jahrhunderts	B2
verglichen	B2
sehnsucht	B2
überredet	B2
demokratie	B2
ranger	B2
empfehle	B2
schalt	B2
gevögelt	B2
kräften	B2
rauszukommen	B2
schäden	B2
aggressiv	B2
ausleihen	B2
schlucken	B2
wesentlich	B2
erben	B2
horn	B2
lebende	B2
schmutzige	B2
eiskalt	B2
sirene	B2
ritual	B2
pflanze	B2
stürzt	B2
investiert	B2
formen	B2
freundchen	B2
politischen	B2
freigelassen	B2
rausgeworfen	B2
verprügeln	B2
bescheiden	B2
garderobe	B2
streifen	B2
rausgekommen	B2
voneinander	B2
wirt	B2
kasten	B2
zeichnen	B2
backen	B2
scheitern	B2
salon	B2
medikament	B2
demnächst	B2
geboten	B2
auslösen	B2
pferden	B2
lebensmittel	B2
ruhiger	B2
durchsuchungsbefehl	B2
allmählich	B2
benommen	B2
adieu	B2
fragten	B2
vortrag	B2
sherry	B2
och	B2
erpressen	B2
zähnen	B2
u-boot	B2
endete	B2
ängstlich	B2
durchbruch	B2
wiederhaben	B2
schrecklicher	B2
model	B2
besitze	B2
sorg	B2
chor	B2
zuschlagen	B2
schere	B2
kampagne	B2
verrücktes	B2
gestartet	B2
reinigen	B2
stoppt	B2
quälen	B2
berufung	B2
knöchel	B2
zeitplan	B2
zerbrochen	B2
verfluchter	B2
weichei	B2
jegliche	B2
versuchung	B2
beitrag	B2
picknick	B2
argument	B2
reiner	B2
flüstern	B2
dummheiten	B2
meile	B2
hamburger	B2
kontaktiert	B2
spione	B2
erinnerte	B2
türklingel	B2
dynamit	B2
organe	B2
fell	B2
sonnenschein	B2
lache	B2
aufgelegt	B2
bräutigam	B2
chinesische	B2
monats	B2
verrät	B2
drunter	B2
drohung	B2
wende	B2
gefoltert	B2
erwachsener	B2
einzigartig	B2
briten	B2
profis	B2
übertreiben	B2
ressourcen	B2
nationale	B2
geschwister	B2
zurücktreten	B2
axt	B2
händler	B2
ägypten	B2
überdenken	B2
warme	B2
konzentrier	B2
dampf	B2
missbraucht	B2
loyal	B2
wurzeln	B2
aufhängen	B2
wurm	B2
kerze	B2
bereue	B2
loslegen	B2
o.k.	B2
fingen	B2
klüger	B2
befürchten	B2
folgende	B2
schmerzhaft	B2
beschrieben	B2
zittern	B2
standpunkt	B2
rang	B2
herausfindet	B2
schaute	B2
theoretisch	B2
beutel	B2
drängen	B2
schlimmen	B2
klient	B2
hängst	B2
veranda	B2
jüngste	B2
strahlung	B2
betrügt	B2
unendlich	B2
gedichte	B2
gereist	B2
schiss	B2
benimmst	B2
schwangerschaft	B2
kopien	B2
infrage	B2
zweifeln	B2
nonne	B2
müsse	B2
richtet	B2
lecken	B2
feuerwerk	B2
neueste	B2
geistes	B2
verletzten	B2
abwechslung	B2
ausgeführt	B2
kleingeld	B2
gelegentlich	B2
braten	B2
angelegt	B2
entsteht	B2
herzschlag	B2
glücklicherweise	B2
heilung	B2
angeklagten	B2
profit	B2
brüllen	B2
verschieden	B2
münzen	B2
hinterlässt	B2
königlichen	B2
stadtrat	B2
pressekonferenz	B2
geschaut	B2
zugegeben	B2
komisches	B2
regie	B2
merk	B2
boote	B2
verbrennt	B2
allergisch	B2
schweizer	B2
verdächtiger	B2
gasse	B2
befürchtet	B2
reite	B2
außerirdische	B2
ehemaliger	B2
radar	B2
gestattet	B2
angeschaut	B2
gedient	B2
pension	B2
strich	B2
lippenstift	B2
stab	B2
außerirdischen	B2
termine	B2
maler	B2
verweigert	B2
boxer	B2
vorteile	B2
ausstellung	B2
tragisch	B2
rasch	B2
oberste	B2
polizistin	B2
windeln	B2
universums	B2
aufheben	B2
narben	B2
fleißig	B2
freizeit	B2
elegant	B2
eindringen	B2
auszeit	B2
internationalen	B2
fielen	B2
weggeworfen	B2
vergeuden	B2
blätter	B2
blass	B2
konzept	B2
keineswegs	B2
faden	B2
kleinste	B2
geschrien	B2
ertrunken	B2
blase	B2
treffpunkt	B2
schrift	B2
mathe	B2
britische	B2
körperlich	B2
konzentration	B2
schaltet	B2
draht	B2
älteste	B2
höhere	B2
gerannt	B2
gedrückt	B2
reinigung	B2
fordert	B2
ideale	B2
stiehlt	B2
eiern	B2
dritter	B2
züge	B2
optionen	B2
ersticken	B2
farmer	B2
batterie	B2
obst	B2
badewanne	B2
manches	B2
droge	B2
übertragung	B2
enge	B2
nickerchen	B2
juhu	B2
lungen	B2
öffnete	B2
abschneiden	B2
hierbei	B2
sorgst	B2
schaffte	B2
anfänger	B2
ungerecht	B2
rhythmus	B2
kündige	B2
mitgehen	B2
siegel	B2
stechen	B2
baue	B2
prostituierte	B2
heller	B2
umgehend	B2
hoffnungslos	B2
checken	B2
drücke	B2
merkwürdige	B2
gelbe	B2
nützen	B2
lernten	B2
benimmt	B2
mächtiger	B2
genutzt	B2
verzieh	B2
schüssel	B2
dreckigen	B2
wiegt	B2
kg	B2
seltsamer	B2
hiervon	B2
beraten	B2
schienen	B2
wirkliche	B2
träumt	B2
versprech	B2
ideal	B2
marschieren	B2
mitbewohner	B2
verlobung	B2
mio.	B2
funken	B2
gleichfalls	B2
geringsten	B2
empfange	B2
führten	B2
ex-frau	B2
gelben	B2
lach	B2
vereinbart	B2
läuten	B2
anzugreifen	B2
balkon	B2
flüchten	B2
umkehren	B2
ansieht	B2
rechtfertigen	B2
belügen	B2
verdächtigt	B2
begannen	B2
englischen	B2
inspiriert	B2
shirt	B2
erlaube	B2
ertrinken	B2
sorgfältig	B2
spuck	B2
eingetroffen	B2
feine	B2
grosse	B2
schickten	B2
garantiere	B2
unerträglich	B2
vorerst	B2
verirrt	B2
überstanden	B2
liga	B2
wertlos	B2
gottverdammt	B2
gesammelt	B2
kanntest	B2
bezeichnet	B2
beantworte	B2
netzwerk	B2
entstehen	B2
lauten	B2
fasziniert	B2
ehrliche	B2
akademie	B2
grünes	B2
branche	B2
soße	B2
situationen	B2
entführer	B2
ewigen	B2
erzeugt	B2
fünften	B2
registriert	B2
basketball	B2
abgesetzt	B2
irgendwelchen	B2
vorsitzender	B2
bedürfnisse	B2
suite	B2
regieren	B2
barkeeper	B2
ausgemacht	B2
dateien	B2
gegründet	B2
wolke	B2
umgang	B2
schenk	B2
festen	B2
erziehung	B2
agentin	B2
hasen	B2
institut	B2
mittleren	B2
lenken	B2
angewiesen	B2
überlebende	B2
bass	B2
lahm	B2
basiert	B2
rasieren	B2
angeordnet	B2
gewalttätig	B2
untergang	B2
flach	B2
autogramm	B2
schwule	B2
kompanie	B2
casino	B2
solches	B2
sackgasse	B2
einbrecher	B2
stehenbleiben	B2
erwartungen	B2
flüssigkeit	B2
erraten	B2
verkaufst	B2
vorsprung	B2
zahlst	B2
verkäufer	B2
zukommen	B2
abdrücke	B2
kurve	B2
kämpfst	B2
verziehen	B2
invasion	B2
pissen	B2
klarer	B2
herrschen	B2
outfit	B2
prinzipien	B2
rühr	B2
reinen	B2
frischen	B2
höhepunkt	B2
geduldig	B2
pest	B2
wenigsten	B2
beschwert	B2
natürliche	B2
erzeugen	B2
fürchterlich	B2
veröffentlichen	B2
wunderbares	B2
unglücklicherweise	B2
ratschläge	B2
erstickt	B2
vagina	B2
scharfe	B2
äpfel	B2
zoll	B2
region	B2
zuliebe	B2
riefen	B2
wachmann	B2
gipfel	B2
geübt	B2
lädt	B2
galerie	B2
enkelin	B2
mönch	B2
tinte	B2
journalist	B2
glückspilz	B2
platzen	B2
ego	B2
reinste	B2
aspirin	B2
früchte	B2
winzig	B2
tonnen	B2
lizenz	B2
maßnahmen	B2
ermittelt	B2
stufen	B2
lüg	B2
student	B2
absetzen	B2
national	B2
vorgeschlagen	B2
arbeitslos	B2
getränke	B2
änderte	B2
pfoten	B2
ausländer	B2
häng	B2
kalender	B2
brüdern	B2
überstunden	B2
angehört	B2
langweilen	B2
deutet	B2
friseur	B2
oberen	B2
fertigmachen	B2
teure	B2
gedroht	B2
ermordung	B2
komischen	B2
bestimmtes	B2
diskret	B2
kriechen	B2
weißes	B2
hinüber	B2
zauberei	B2
wünschst	B2
biss	B2
komischer	B2
hotelzimmer	B2
delta	B2
chinesischen	B2
beängstigend	B2
frequenz	B2
vorhast	B2
tödliche	B2
verband	B2
gebucht	B2
investieren	B2
website	B2
diät	B2
benimm	B2
vergangenen	B2
verbringe	B2
zukünftige	B2
ehemalige	B2
aufklären	B2
kämen	B2
unauffällig	B2
gefälscht	B2
anschuldigungen	B2
restlichen	B2
tomaten	B2
philosophie	B2
liebten	B2
programmiert	B2
festgestellt	B2
fällig	B2
kneipe	B2
bezahlst	B2
beende	B2
fehlst	B2
vornehmen	B2
sumpf	B2
apotheke	B2
internationale	B2
liefert	B2
wehen	B2
erstochen	B2
schiffes	B2
nördlich	B2
körpers	B2
schal	B2
anklagen	B2
schlagt	B2
entscheidest	B2
sammelt	B2
gegenzug	B2
vorzubereiten	B2
enttäuschung	B2
unterkunft	B2
freilassen	B2
grau	B2
verlobter	B2
niere	B2
kratzen	B2
altar	B2
erstaunt	B2
ausbruch	B2
tuch	B2
fahne	B2
beleidigung	B2
bedeutete	B2
verhält	B2
unheimliche	B2
unsterblich	B2
hohes	B2
evakuieren	B2
produziert	B2
nachfolger	B2
blicke	B2
vorschläge	B2
chauffeur	B2
englische	B2
ironie	B2
ausreichend	B2
hit	B2
anderthalb	B2
käfer	B2
küsschen	B2
auslöschen	B2
ihretwegen	B2
limonade	B2
billige	B2
tequila	B2
schlachtfeld	B2
gemäß	B2
angreifer	B2
hingegangen	B2
dns	B2
liefen	B2
schale	B2
restaurants	B2
ausfindig	B2
angriffe	B2
rotes	B2
modernen	B2
motto	B2
eintritt	B2
bh	B2
betroffen	B2
misstrauisch	B2
verwirrend	B2
kapelle	B2
starkes	B2
gebetet	B2
einrichten	B2
ausnutzen	B2
kinn	B2
frisches	B2
quatschen	B2
automatisch	B2
spritzen	B2
einwohner	B2
renn	B2
pink	B2
gezeichnet	B2
anständige	B2
steif	B2
rekord	B2
durchgeknallt	B2
foltern	B2
erspart	B2
bräuchten	B2
überdosis	B2
armband	B2
adoptiert	B2
komplizen	B2
ehemaligen	B2
einschalten	B2
handschrift	B2
ältesten	B2
assistenten	B2
großartigen	B2
männlich	B2
übernimmst	B2
übrigen	B2
klaviermusik	B2
gemietet	B2
mischung	B2
luxus	B2
schwung	B2
hochgehen	B2
beherrscht	B2
grippe	B2
informanten	B2
hülle	B2
floh	B2
nudeln	B2
schaf	B2
uhrzeit	B2
zigarre	B2
tänzerin	B2
einkaufszentrum	B2
vollmond	B2
mexikaner	B2
piepst	B2
gestoppt	B2
eingerichtet	B2
umarmung	B2
rohr	B2
batterien	B2
spende	B2
gans	B2
leuchten	B2
alien	B2
dom	B2
geriet	B2
unterzeichnet	B2
operationen	B2
schütteln	B2
vermissten	B2
angespannt	B2
folgenden	B2
fantastische	B2
fies	B2
heilt	B2
auswirkungen	B2
geschlecht	B2
buchhalter	B2
drache	B2
deuten	B2
bildung	B2
aufbewahrt	B2
persönlicher	B2
erpresst	B2
sang	B2
hinbringen	B2
amerikanischer	B2
üble	B2
einfaches	B2
angesetzt	B2
volltreffer	B2
totaler	B2
zustößt	B2
herrschaft	B2
verhören	B2
unverzüglich	B2
bemüht	B2
aufgefunden	B2
unfähig	B2
stellten	B2
ursprünglich	B2
distanz	B2
verheimlichen	B2
verstorben	B2
göttern	B2
hunden	B2
letztens	B2
billigen	B2
verschont	B2
rendezvous	B2
empfehlung	B2
handgelenk	B2
boten	B2
unterzeichnen	B2
belasten	B2
speziellen	B2
literatur	B2
landete	B2
gelangt	B2
cooler	B2
quer	B2
satelliten	B2
triff	B2
analysieren	B2
geleitet	B2
schlachten	B2
angestellte	B2
gestalten	B2
köpfen	B2
stipendium	B2
illegale	B2
vergiften	B2
feiert	B2
bewundern	B2
furchtbaren	B2
hüfte	B2
involviert	B2
wurf	B2
maschinenraum	B2
inspiration	B2
samen	B2
hinterhalt	B2
gewahrsam	B2
schweres	B2
einatmen	B2
zurückhalten	B2
parfüm	B2
präsidentin	B2
entlassung	B2
todesstrafe	B2
ausgebrochen	B2
wegfahren	B2
sultan	B2
hauch	B2
abstellen	B2
pornos	B2
erklärte	B2
produzieren	B2
gehängt	B2
weinte	B2
routine	B2
schneid	B2
kluge	B2
ländern	B2
bevorzuge	B2
umkreis	B2
beschwerden	B2
teufels	B2
genehmigt	B2
bildern	B2
scheißen	B2
schenkte	B2
erschlagen	B2
yard	B2
journalisten	B2
fände	B2
zurückkomme	B2
ärmel	B2
fließen	B2
arabisch	B2
verfolge	B2
juckt	B2
männliche	B2
zerrissen	B2
tausch	B2
schlaganfall	B2
popcorn	B2
gärtner	B2
bläst	B2
jet	B2
garantie	B2
ändere	B2
anstand	B2
power	B2
junkie	B2
vati	B2
topf	B2
packe	B2
knöpfe	B2
aussehe	B2
verabschiedet	B2
bedürfnis	B2
nähen	B2
sprecher	B2
chemie	B2
hinweisen	B2
stumm	B2
zusammenhalten	B2
geradezu	B2
mitzunehmen	B2
weite	B2
rippen	B2
kühl	B2
dahinten	B2
techniker	B2
betet	B2
beachten	B2
baute	B2
schecks	B2
ausgabe	B2
vermasseln	B2
nötige	B2
südlich	B2
gramm	B2
laken	B2
bildet	B2
bewahre	B2
leises	B2
lastwagen	B2
kritik	B2
stürzte	B2
behält	B2
sofern	B2
vermisste	B2
entsetzlich	B2
ermittler	B2
aufgestanden	B2
fälschung	B2
abschnitt	B2
hausarrest	B2
sensibel	B2
album	B2
lebewesen	B2
lösegeld	B2
verwechselt	B2
prügeln	B2
regnen	B2
weichen	B2
anvertrauen	B2
kuppel	B2
verließen	B2
besuchte	B2
gewerkschaft	B2
herhören	B2
vorbeigekommen	B2
stärken	B2
hinzu	B2
wrack	B2
knarren	B2
treibstoff	B2
signale	B2
nachkommen	B2
hoppla	B2
verborgen	B2
belegt	B2
waisenhaus	B2
bitteschön	B2
alters	B2
fee	B2
quarantäne	B2
kommunisten	B2
stiftung	B2
verreisen	B2
halleluja	B2
süchtig	B2
jammern	B2
hofft	B2
wertvolle	B2
maulwurf	B2
konflikt	B2
turnier	B2
gebacken	B2
rauszufinden	B2
taube	B2
mais	B2
nüsse	B2
trieb	B2
eigenschaften	B2
feder	B2
sänger	B2
dessert	B2
rathaus	B2
drohungen	B2
bewirken	B2
mörderin	B2
wanne	B2
durchkommen	B2
vertraute	B2
schätzt	B2
freuden	B2
dauer	B2
regt	B2
verbessert	B2
unerwartet	B2
drogendealer	B2
gefährlichen	B2
fach	B2
verdanke	B2
wohnungen	B2
kragen	B2
schwachen	B2
valentinstag	B2
anstelle	B2
plane	B2
reizende	B2
höheren	B2
markiert	B2
ehrenwort	B2
schlamm	B2
wälder	B2
handlung	B2
versauen	B2
klassiker	B2
stange	B2
empfohlen	B2
rauswerfen	B2
mechaniker	B2
beichten	B2
abkürzung	B2
professionell	B2
begräbnis	B2
verführen	B2
meinerseits	B2
magischen	B2
dienstmädchen	B2
chirurg	B2
wal	B2
paare	B2
sähe	B2
aufgemacht	B2
leide	B2
amüsant	B2
obersten	B2
gerührt	B2
schwänze	B2
note	B2
datei	B2
zugleich	B2
nackte	B2
doppelten	B2
bewundert	B2
dimension	B2
quere	B2
wecker	B2
entstanden	B2
läden	B2
lobby	B2
umgezogen	B2
angeklagte	B2
perlen	B2
schwulen	B2
dutzende	B2
aufgezogen	B2
campus	B2
herd	B2
hospital	B2
leichtes	B2
gegrüßt	B2
aufsicht	B2
hündchen	B2
gegenstand	B2
tageslicht	B2
emotionale	B2
sünder	B2
beträgt	B2
wunderschönes	B2
schickst	B2
weiblichen	B2
rauszuholen	B2
kapier	B2
rausgeholt	B2
entworfen	B2
eingenommen	B2
mochten	B2
köchin	B2
beichte	B2
ausliefern	B2
perfektes	B2
glücklichen	B2
wodurch	B2
entsprechend	B2
umher	B2
wurst	B2
notiz	B2
vorsprechen	B2
bekannter	B2
antrieb	B2
zwerge	B2
trösten	B2
armut	B2
verbannt	B2
parade	B2
konzentriere	B2
angefahren	B2
kindisch	B2
krüppel	B2
kreisen	B2
bestrafung	B2
araber	B2
klebt	B2
perücke	B2
hummer	B2
drittel	B2
budget	B2
lieferwagen	B2
zurückgebracht	B2
verschwiegen	B2
drang	B2
redeten	B2
herzukommen	B2
anhängen	B2
einsame	B2
erwartete	B2
tierarzt	B2
cousins	B2
zudem	B2
sturz	B2
untergehen	B2
gelang	B2
wasch	B2
schmutzigen	B2
abkommen	B2
tänzer	B2
dürften	B2
erstatten	B2
verarbeiten	B2
verfügbar	B2
autobahn	B2
mandant	B2
clubs	B2
widmen	B2
sprichwort	B2
hierfür	B2
gekleidet	B2
fotografiert	B2
knallen	B2
wichtigeres	B2
immerzu	B2
schuldgefühle	B2
schnurrbart	B2
genügen	B2
rumlaufen	B2
brötchen	B2
flut	B2
haushalt	B2
ministerium	B2
aufgestellt	B2
anker	B2
qual	B2
rauschen	B2
debatte	B2
informant	B2
masse	B2
insekten	B2
lud	B2
glotzt	B2
rückseite	B2
spezialität	B2
schimmer	B2
mordfall	B2
verbieten	B2
terrorist	B2
sirenen	B2
theorien	B2
kichern	B2
positive	B2
gestresst	B2
zeitschrift	B2
wildnis	B2
menschlicher	B2
schlamassel	B2
behindert	B2
überbringen	B2
reingezogen	B2
mitzuteilen	B2
zurückkam	B2
abstimmung	B2
dritt	B2
senat	B2
mittags	B2
raucht	B2
veranstalten	B2
jahreszeit	B2
zusätzliche	B2
drucken	B2
segel	B2
bezahlte	B2
überflüssig	B2
taschentuch	B2
rockmusik	B2
beschleunigen	B2
wählte	B2
lustiger	B2
glocken	B2
tennis	B2
seither	B2
christen	B2
überqueren	B2
kreuzung	B2
häusern	B2
weiche	B2
punkten	B2
verpasse	B2
reinlegen	B2
jeep	B2
gefilmt	B2
bucht	B2
bildschirm	B2
saufen	B2
gehackt	B2
mailbox	B2
erschoss	B2
attentat	B2
verschwendung	B2
bemerkte	B2
miesen	B2
zischen	B2
helf	B2
geschirr	B2
ähnlichkeit	B2
feiglinge	B2
spass	B2
lächelt	B2
klaut	B2
setzten	B2
bon	B2
entwischt	B2
rauchst	B2
masken	B2
schwimmt	B2
ausgezeichnete	B2
vorname	B2
schwitzen	B2
bourbon	B2
haust	B2
befand	B2
elefant	B2
annähernd	B2
gewebe	B2
unterschätzt	B2
wachte	B2
eichhörnchen	B2
zerbrechen	B2
poker	B2
wechsel	B2
lesbe	B2
konten	B2
schleichen	B2
strasse	B2
höschen	B2
jüngsten	B2
niedrig	B2
klimaanlage	B2
vulkan	B2
anbetracht	B2
lesbisch	B2
platziert	B2
abgrund	B2
zeichnungen	B2
sinken	B2
trauern	B2
abreise	B2
dates	B2
klemmt	B2
ansehe	B2
passend	B2
mittagspause	B2
wettkampf	B2
verschluckt	B2
limo	B2
erhebt	B2
beneide	B2
beschwerde	B2
erregen	B2
überwältigt	B2
benannt	B2
begrüßt	B2
trommeln	B2
fortsetzen	B2
geplatzt	B2
erschieße	B2
locke	B2
nachnamen	B2
anpassen	B2
altmodisch	B2
teurer	B2
feuerzeug	B2
trau	B2
serienmörder	B2
durchgegangen	B2
beseitigt	B2
alkoholiker	B2
laßt	B2
ganzem	B2
elemente	B2
feinden	B2
rückweg	B2
heimweg	B2
menschlichkeit	B2
geheimnisvolle	B2
befolgt	B2
abreisen	B2
premiere	B2
schwingen	B2
initiative	B2
sexuellen	B2
geschäftsführer	B2
telefone	B2
strafzettel	B2
gelobt	B2
uniformen	B2
beschissener	B2
pulver	B2
welpen	B2
angesprochen	B2
angenehme	B2
kostüme	B2
nachmittags	B2
lebewohl	B2
reporterin	B2
vorwand	B2
genervt	B2
kreditkarten	B2
durstig	B2
eintreffen	B2
nationalen	B2
mitteln	B2
trauma	B2
beobachtung	B2
aufhält	B2
dergleichen	B2
erwacht	B2
schlaft	B2
lebenslauf	B2
anrufbeantworter	B2
feiner	B2
verschoben	B2
zumachen	B2
relativ	B2
rücksicht	B2
lamm	B2
pier	B2
widersprechen	B2
erwische	B2
dachboden	B2
keinesfalls	B2
bislang	B2
retter	B2
transportieren	B2
anrief	B2
aufpasst	B2
braune	B2
spontan	B2
prächtig	B2
verreist	B2
jahrhunderten	B2
pullover	B2
ansprechen	B2
frischer	B2
schnellste	B2
bemühungen	B2
dreckiger	B2
büros	B2
unfälle	B2
beamte	B2
angeschlossen	B2
unterschiedliche	B2
kluger	B2
stürmen	B2
begreife	B2
fersen	B2
vorbereitungen	B2
fortfahren	B2
produzent	B2
zurückgezogen	B2
autsch	B2
riesiger	B2
vorhänge	B2
pflege	B2
rauslassen	B2
golden	B2
erfahre	B2
kanzler	B2
stößt	B2
sahne	B2
binde	B2
zwiebeln	B2
schlitten	B2
jahrhunderte	B2
talente	B2
läßt	B2
rennst	B2
vorgestern	B2
betreiben	B2
mindeste	B2
singst	B2
einsätze	B2
nötigen	B2
bemerkenswert	B2
warmes	B2
dinosaurier	B2
wahrscheinlichkeit	B2
worin	B2
rabbi	B2
nachfrage	B2
unwohl	B2
pony	B2
verpisst	B2
leuchtet	B2
wehtut	B2
prüfungen	B2
vertrieben	B2
haustür	B2
neuigkeit	B2
gereicht	B2
weigert	B2
semester	B2
unternommen	B2
gespart	B2
geerbt	B2
fähre	B2
arrogant	B2
ausgeliefert	B2
gästen	B2
zuzusehen	B2
fotograf	B2
eigentümer	B2
hinkriegen	B2
realistisch	B2
kindergarten	B2
riesiges	B2
pub	B2
streitet	B2
deckt	B2
kassette	B2
vergebe	B2
kandidat	B2
klempner	B2
blaues	B2
ängste	B2
litt	B2
verliebte	B2
befahl	B2
spaghetti	B2
franzose	B2
dunkler	B2
zukünftigen	B2
anzubieten	B2
gesendet	B2
schlauch	B2
grillen	B2
landschaft	B2
funktion	B2
anonym	B2
albträume	B2
träum	B2
veranstaltung	B2
verpflichtungen	B2
schülerin	B2
innerlich	B2
künstlerin	B2
regiert	B2
aufschreiben	B2
erleichterung	B2
auktion	B2
regal	B2
fakt	B2
christi	B2
niveau	B2
friede	B2
erlitten	B2
mathematik	B2
bittest	B2
psycho	B2
matratze	B2
tretet	B2
finanzielle	B2
bänder	B2
wieviele	B2
undercover	B2
herzustellen	B2
arbeitgeber	B2
werkzeuge	B2
trugen	B2
kurzfristig	B2
kämpften	B2
weltall	B2
nanu	B2
weckt	B2
nieren	B2
zinsen	B2
einpacken	B2
ballon	B2
herkam	B2
horizont	B2
durften	B2
zusätzlich	B2
verträge	B2
umzug	B2
sängerin	B2
wäldern	B2
darstellen	B2
limousine	B2
zurückzukommen	B2
aufgeschrieben	B2
handlungen	B2
struktur	B2
aufzupassen	B2
hüten	B2
christ	B2
unverschämt	B2
mögt	B2
nachname	B2
händchen	B2
birne	B2
vorgesehen	B2
gnädig	B2
nachgesehen	B2
versehentlich	B2
schwerter	B2
software	B2
einschlagen	B2
schiebt	B2
geahnt	B2
tätig	B2
abgestürzt	B2
politisch	B2
gewöhnliche	B2
stärkste	B2
union	B2
ungeduldig	B2
unklar	B2
arbeitsplatz	B2
treppen	B2
vereinen	B2
bruch	B2
metern	B2
fällst	B2
unruhig	B2
schlechteste	B2
platzt	B2
plastik	B2
abgerissen	B2
halber	B2
anvertraut	B2
leder	B2
ausser	B2
verfehlt	B2
schmutz	B2
stühle	B2
rausbringen	B2
mamas	B2
klarkommen	B2
durchsage	B2
stiefvater	B2
nationen	B2
ausgaben	B2
rauskriegen	B2
entstand	B2
übersetzen	B2
rüstung	B2
tauben	B2
gewohnheit	B2
mieses	B2
kindermädchen	B2
nervst	B2
japanische	B2
beinhaltet	B2
donuts	B2
davonkommen	B2
hinzufügen	B2
dreier	B2
werwolf	B2
hebe	B2
gruß	B2
zeichnung	B2
geige	B2
fortsetzung	B2
kotzt	B2
glückstag	B2
japanisch	B2
archiv	B2
einholen	B2
raushalten	B2
hacker	B2
uhren	B2
erobert	B2
bandit	B2
linien	B2
umzugehen	B2
vornamen	B2
nerv	B2
ergreift	B2
sattel	B2
gelangweilt	B2
pflegen	B2
belastet	B2
reinlassen	B2
geprügelt	B2
perspektive	B2
schreist	B2
hingelegt	B2
wildes	B2
begreifst	B2
schildkröte	B2
bonus	B2
wagst	B2
spucken	B2
einlassen	B2
günstig	B2
bilde	B2
blinde	B2
zurückzahlen	B2
ameisen	B2
verleihen	B2
bearbeitet	B2
deckel	B2
frechheit	B2
sinkt	B2
enthalten	B2
schwamm	B2
glückliches	B2
sperrt	B2
container	B2
aufsetzen	B2
erhielten	B2
ermöglicht	B2
erstellen	B2
rausgeschmissen	B2
herbringen	B2
freiwillige	B2
korrigieren	B2
negative	B2
schwebt	B2
vorsichtiger	B2
pilze	B2
kürzer	B2
bezahl	B2
behältst	B2
achtet	B2
ansichten	B2
isoliert	B2
fünfzehn	B2
felder	B2
gesunde	B2
toiletten	B2
schwierigen	B2
quittung	B2
portal	B2
gesetzes	B2
großeltern	B2
investition	B2
schweiß	B2
selbstvertrauen	B2
geschluckt	B2
sendet	B2
aufgehängt	B2
taschenlampe	B2
jägerin	B2
illegalen	B2
rückt	B2
drohte	B2
scheiss	B2
zurückkehrt	B2
verlangst	B2
ärgert	B2
großteil	B2
instrument	B2
codes	B2
bumsen	B2
aktivität	B2
entwickelte	B2
reiches	B2
studien	B2
dramatisch	B2
potenzial	B2
jugendliche	B2
ass	B2
zerstörte	B2
clowns	B2
professionelle	B2
verlorenen	B2
gelingen	B2
militärische	B2
ausgenutzt	B2
freies	B2
insbesondere	B2
überzeugung	B2
angemeldet	B2
winzige	B2
vorstellungen	B2
ausdenken	B2
auspacken	B2
heizung	B2
mußte	B2
erzähler	B2
kolonie	B2
studentin	B2
tickt	B2
räumt	B2
boom	B2
kleben	B2
zuzuhören	B2
ritt	B2
bauten	B2
abgeschaltet	B2
teich	B2
raubüberfall	B2
duell	B2
chirurgen	B2
wange	B2
auszuschalten	B2
wiedergutmachen	B2
vorbereitung	B2
geile	B2
kranker	B2
festplatte	B2
stoß	B2
stieß	B2
eingreifen	B2
enorm	B2
aufsuchen	B2
verzichte	B2
sichtbar	B2
pässe	B2
vorschrift	B2
gehör	B2
jedermann	B2
genieß	B2
irgendjemanden	B2
substanz	B2
arbeitszimmer	B2
notwehr	B2
patrouille	B2
gewitter	B2
zeigten	B2
klappern	B2
schmetterling	B2
sarge	B2
förmlich	B2
enger	B2
ausgetauscht	B2
baustelle	B2
bewirkt	B2
gerochen	B2
meintest	B2
wusstet	B2
drehst	B2
starrt	B2
austauschen	B2
schnellen	B2
beerdigt	B2
sozialen	B2
angerührt	B2
verläuft	B2
abschlussball	B2
medaille	B2
vielmehr	B2
anschluss	B2
anzünden	B2
wunderschöner	B2
naht	B2
handtücher	B2
basierend	B2
perfekter	B2
ungewöhnliche	B2
international	B2
mistkerle	B2
vizepräsident	B2
brichst	B2
abgelegt	B2
halluzinationen	B2
festnahme	B2
pirat	B2
umwelt	B2
teilweise	B2
bearbeiten	B2
fetter	B2
natürlichen	B2
ausgestellt	B2
wendet	B2
gewöhnlicher	B2
springe	B2
gingst	B2
änderungen	B2
orbit	B2
kapsel	B2
unbewaffnet	B2
internat	B2
zeile	B2
mühle	B2
zeitalter	B2
gabst	B2
prediger	B2
schwache	B2
minen	B2
geheimes	B2
sessel	B2
wegbringen	B2
weiterhelfen	B2
verpflichtung	B2
baten	B2
geparkt	B2
gerichtsmediziner	B2
zurückkommst	B2
bluse	B2
reines	B2
gegenleistung	B2
gemeinsames	B2
japanischen	B2
kehre	B2
helfer	B2
aufstieg	B2
entkommt	B2
partie	B2
lächle	B2
verdeckt	B2
abfall	B2
hauptrolle	B2
klingel	B2
flirten	B2
spanier	B2
taxifahrer	B2
länge	B2
träumst	B2
tausenden	B2
blockieren	B2
ausschließen	B2
wechselt	B2
erforschen	B2
scanner	B2
eisenbahn	B2
rumsitzen	B2
munter	B2
zugesehen	B2
karma	B2
stückchen	B2
provinz	B2
mitgemacht	B2
pärchen	B2
kritisch	B2
gesunden	B2
finanziert	B2
elektrizität	B2
busen	B2
erlebnis	B2
vaterland	B2
bitter	B2
notarzt	B2
stattfindet	B2
hervorragende	B2
krimineller	B2
durchatmen	B2
stopfen	B2
übergabe	B2
monatelang	B2
beeile	B2
unterschreibe	B2
effekt	B2
einlegen	B2
verwirrung	B2
überschritten	B2
instrumente	B2
belassen	B2
latein	B2
großartiges	B2
grundlage	B2
reihenfolge	B2
körperliche	B2
würmer	B2
arena	B2
ballett	B2
werke	B2
verfolgung	B2
männlichen	B2
exemplar	B2
bedauerlich	B2
blinden	B2
jage	B2
cd	B2
finanzieren	B2
anstalt	B2
vorbeischauen	B2
pakt	B2
damm	B2
laser	B2
einsamen	B2
derart	B2
unteren	B2
versammeln	B2
behörde	B2
info	B2
gedeckt	B2
positionen	B2
vertrete	B2
vergewaltigen	B2
chemikalien	B2
verwechseln	B2
helle	B2
vergrößern	B2
anhaben	B2
angepisst	B2
unterschlupf	B2
hemden	B2
besen	B2
herkomme	B2
ließe	B2
jazz	B2
eilt	B2
vorwerfen	B2
plans	B2
abzuhalten	B2
fürsten	B2
neuanfang	B2
drängt	B2
verweigern	B2
töne	B2
staates	B2
anordnung	B2
orchester	B2
senf	B2
qualen	B2
verwaltung	B2
übertreibst	B2
anonymen	B2
galt	B2
scherzen	B2
ausgeflippt	B2
modern	B2
schwiegersohn	B2
getränk	B2
hörer	B2
finanzen	B2
vernünftige	B2
verteidiger	B2
verbirgt	B2
ähnliche	B2
bevorzugen	B2
hindurch	B2
eigentliche	B2
belästigung	B2
seltene	B2
mysteriöse	B2
vorsitzende	B2
anzüge	B2
haue	B2
feuert	B2
vorausgesetzt	B2
profitieren	B2
kaltes	B2
eingedrungen	B2
vorläufig	B2
adern	B2
mordkommission	B2
piepsen	B2
benutz	B2
dämliche	B2
erkältung	B2
belohnt	B2
grinsen	B2
bund	B2
gestochen	B2
provozieren	B2
geschmeichelt	B2
anrichten	B2
letztlich	B2
gehirnerschütterung	B2
lehnen	B2
geknackt	B2
partnerschaft	B2
eingeschaltet	B2
gestohlenen	B2
aufhörst	B2
tagelang	B2
unterscheidet	B2
begleiter	B2
ober	B2
tödlichen	B2
apokalypse	B2
knabe	B2
eingebildet	B2
berühmter	B2
reihen	B2
schwindler	B2
verarschst	B2
maß	B2
rechtsanwalt	B2
geritten	B2
romantik	B2
räder	B2
nanny	B2
erklärungen	B2
haushälterin	B2
gütig	B2
privatdetektiv	B2
rumhängen	B2
ansteckend	B2
anstoßen	B2
gefüttert	B2
nackten	B2
nervig	B2
neuem	B2
geistig	B2
niedergeschlagen	B2
herumlaufen	B2
einmalige	B2
verstößt	B2
ähnelt	B2
morphium	B2
bote	B2
monitor	B2
kooperation	B2
schwerkraft	B2
abgewiesen	B2
auserwählt	B2
bedacht	B2
frucht	B2
söldner	B2
taugt	B2
objekte	B2
pulli	B2
ärzten	B2
kiefer	B2
aufwecken	B2
angemacht	B2
zaubern	B2
gabel	B2
engagieren	B2
funktionierte	B2
gross	B2
schwächer	B2
empfindest	B2
führ	B2
ernsthafte	B2
vermitteln	B2
einzusetzen	B2
jenen	B2
nonnen	B2
vorgehensweise	B2
spender	B2
blauer	B2
rasiert	B2
vergebt	B2
verhafte	B2
steigst	B2
identisch	B2
bange	B2
bekämpft	B2
gastgeber	B2
innenstadt	B2
mitbewohnerin	B2
papas	B2
schwindelig	B2
ratschlag	B2
scham	B2
intensiv	B2
defekt	B2
beziehen	B2
talentiert	B2
angezeigt	B2
schaufel	B2
erschüttert	B2
reingefallen	B2
vetter	B2
braunen	B2
bestechen	B2
rücksitz	B2
sicherzustellen	B2
verärgern	B2
magier	B2
management	B2
eröffnung	B2
grill	B2
passte	B2
chefs	B2
verbinde	B2
würfel	B2
physik	B2
dosen	B2
möchtet	B2
porno	B2
absoluter	B2
stadion	B2
abgeschossen	B2
durchstehen	B2
streik	B2
weiterfahren	B2
tipps	B2
hinsehen	B2
starte	B2
plätzchen	B2
magazine	B2
korruption	B2
abgestellt	B2
liefere	B2
anschließend	B2
grube	B2
flieht	B2
schriftlich	B2
kamerad	B2
irrelevant	B2
ironisch	B2
herab	B2
stier	B2
gescheitert	B2
begrüße	B2
desaster	B2
wachsam	B2
startklar	B2
gutmachen	B2
log	B2
anhand	B2
schlagzeilen	B2
auslöser	B2
kündigung	B2
server	B2
leibwächter	B2
abzulenken	B2
angeben	B2
abknallen	B2
schuldigen	B2
erschrocken	B2
lehrte	B2
häschen	B2
handschuh	B2
seide	B2
bewaffnete	B2
sklavin	B2
leinwand	B2
erzählten	B2
geguckt	B2
stimmts	B2
leichten	B2
pistolen	B2
verbringst	B2
scannen	B2
klatschen	B2
städten	B2
ohrringe	B2
präsentation	B2
häuschen	B2
vermittlung	B2
zahnbürste	B2
feinen	B2
blei	B2
gönnen	B2
schlugen	B2
sprüche	B2
erreichbar	B2
scheißdreck	B2
kerlen	B2
zuverlässig	B2
hochzeiten	B2
aneinander	B2
vorwurf	B2
gehörten	B2
ausflippen	B2
kehrte	B2
sonntags	B2
blutungen	B2
flüchtlinge	B2
unterhose	B2
instrumentalmusik	B2
heldin	B2
geschmeckt	B2
unterstütze	B2
säcke	B2
psychopath	B2
bezeugen	B2
massage	B2
geschmissen	B2
pudding	B2
einzuladen	B2
meldete	B2
ecken	B2
bedrohen	B2
lichtjahre	B2
schweig	B2
zwecklos	B2
teilnehmer	B2
langeweile	B2
offiziellen	B2
verzeihe	B2
hässlichen	B2
gewidmet	B2
tabak	B2
ernannt	B2
übler	B2
sandwiches	B2
adoptieren	B2
geistern	B2
sheriffs	B2
vorgesetzter	B2
südamerika	B2
kostete	B2
verführt	B2
schonen	B2
machtlos	B2
einsehen	B2
mythos	B2
verantworten	B2
ausschließlich	B2
geschäften	B2
zurückbekommen	B2
anrufst	B2
marihuana	B2
mithalten	B2
lebenszeichen	B2
anmachen	B2
sklaverei	B2
haustier	B2
inseln	B2
trennt	B2
gesichtsausdruck	B2
gesunken	B2
fernbedienung	B2
verstärkt	B2
element	B2
verlegenheit	B2
metro	B2
bruderschaft	B2
probiere	B2
wiederum	B2
bereitschaft	B2
börse	B2
aufsatz	B2
untergrund	B2
versiegelt	B2
gegenstände	B2
gebildet	B2
rast	B2
kostenlos	B2
dvd	B2
gesprengt	B2
ausweise	B2
feindliche	B2
zerbricht	B2
lenkt	B2
durchdrehen	B2
ausgelassen	B2
tango	B2
respektlos	B2
stripperin	B2
hengst	B2
schwanzlutscher	B2
löse	B2
banane	B2
bloss	B2
wäscht	B2
daraufhin	B2
geschäftspartner	B2
weggefahren	B2
psychologie	B2
zwing	B2
verständigen	B2
belastung	B2
bindung	B2
umarmt	B2
entkam	B2
gespenst	B2
konntet	B2
menschenleben	B2
wurdet	B2
öde	B2
ursprung	B2
geputzt	B2
schleppen	B2
erfassen	B2
terrasse	B2
unbesorgt	B2
warteten	B2
eingereicht	B2
sekretär	B2
beruhigend	B2
angezündet	B2
verbrechens	B2
impuls	B2
peitsche	B2
griechen	B2
installiert	B2
verlier	B2
rebellion	B2
seemann	B2
aufgeräumt	B2
verdiente	B2
elender	B2
sound	B2
absturz	B2
orgasmus	B2
vögelchen	B2
reinkommt	B2
benachrichtigen	B2
allerseits	B2
übe	B2
weigern	B2
wirklichen	B2
aufträge	B2
beifall	B2
cents	B2
angehörigen	B2
resultat	B2
global	B2
warmen	B2
verbiete	B2
entschuldigst	B2
wahlen	B2
aufziehen	B2
weitem	B2
verdreht	B2
vorschuss	B2
bananen	B2
schuf	B2
beschützer	B2
fuer	B2
wahrlich	B2
hüften	B2
betrag	B2
hysterisch	B2
schwor	B2
schlägerei	B2
flogen	B2
bösewicht	B2
aufwachsen	B2
römischen	B2
auszeichnung	B2
riskiere	B2
ermöglichen	B2
komiker	B2
auffallen	B2
eingegangen	B2
kondom	B2
besserung	B2
karton	B2
verspätet	B2
aufführung	B2
fraß	B2
abfahrt	B2
briefkasten	B2
häftling	B2
unterschätzen	B2
hausfrau	B2
errichten	B2
stapel	B2
reparatur	B2
reste	B2
übereinstimmung	B2
entwurf	B2
shoppen	B2
anliegen	B2
täuschung	B2
doll	B2
eliminieren	B2
verstärken	B2
insassen	B2
mithilfe	B2
packung	B2
adressen	B2
themen	B2
aufteilen	B2
unberechenbar	B2
eingeschlagen	B2
verklagt	B2
drohne	B2
vage	B2
hindernis	B2
qualifiziert	B2
solo	B2
gierig	B2
schreck	B2
verrotten	B2
hinterkopf	B2
wundervollen	B2
lob	B2
verwirren	B2
allgemeinen	B2
frustriert	B2
ohnmacht	B2
autoschlüssel	B2
erfährst	B2
image	B2
kapieren	B2
zigarren	B2
joint	B2
nachgehen	B2
gedrängt	B2
soziale	B2
diente	B2
vieler	B2
wissenschaftliche	B2
dastehen	B2
inmitten	B2
brannte	B2
mengen	B2
ausnahmsweise	B2
silvester	B2
berufen	B2
schließfach	B2
tische	B2
wasche	B2
vase	B2
einhalten	B2
halfen	B2
übernahm	B2
millionär	B2
dreißig	B2
denjenigen	B2
begeisterung	B2
forscher	B2
begabt	B2
design	B2
taufe	B2
entscheidend	B2
zurückhaben	B2
nervensäge	B2
betritt	B2
kuckuck	B2
veränderte	B2
vollbracht	B2
jeweils	B2
passende	B2
unabhängigkeit	B2
türe	B2
einbrechen	B2
folgst	B2
lücke	B2
jüngeren	B2
immobilien	B2
schwangere	B2
unfug	B2
weibchen	B2
ergriffen	B2
jahrestag	B2
exzellent	B2
strahlen	B2
vorgenommen	B2
aufgezeichnet	B2
business	B2
depression	B2
privates	B2
streiche	B2
erwecken	B2
männchen	B2
senken	B2
kommission	B2
mehrheit	B2
abreißen	B2
gestehe	B2
beteiligung	B2
ätzend	B2
kapital	B2
attacke	B2
medium	B2
anwenden	B2
extreme	B2
befreiung	B2
anzahlung	B2
komplex	B2
grafen	B2
zustoßen	B2
zerschlagen	B2
schichten	B2
imperium	B2
weiser	B2
rührend	B2
stumme	B2
wirbel	B2
investoren	B2
pisse	B2
behälter	B2
kurier	B2
gereizt	B2
fassung	B2
granate	B2
kristall	B2
bürgerkrieg	B2
verhandelt	B2
anteile	B2
wiege	B2
herb	B2
verwendung	B2
rauben	B2
cognac	B2
evolution	B2
becken	B2
hingegen	B2
quält	B2
gering	B2
mächte	B2
produzenten	B2
rektor	B2
störungen	B2
zigeuner	B2
schnarchen	B2
angaben	B2
erforderlich	B2
aussetzen	B2
nebenwirkungen	B2
säubern	B2
meisterwerk	B2
empfindet	B2
unzählige	B2
einbringen	B2
smoking	B2
misstrauen	B2
hungern	B2
therapeuten	B2
terror	B2
beugen	B2
verriegelt	B2
falten	B2
bohren	B2
gleicht	B2
verlockend	B2
hirsch	B2
anständiger	B2
verbündete	B2
deaktivieren	B2
drohnen	B2
gange	B2
beraubt	B2
bemerkung	B2
aids	B2
beunruhigen	B2
brei	B2
fäden	B2
expedition	B2
überwachungskameras	B2
durchzuführen	B2
parlament	B2
umfeld	B2
vormachen	B2
grauenvoll	B2
zauberspruch	B2
effektiv	B2
auskommen	B2
trauzeuge	B2
vereinigung	B2
mittelpunkt	B2
andeuten	B2
unverständliche	B2
anschein	B2
aufzeichnung	B2
komplikationen	B2
aufsteigen	B2
gehorcht	B2
gefällig	B2
schlicht	B2
ausgestattet	B2
alternativen	B2
schweben	B2
wahlkampf	B2
staunen	B2
lagern	B2
sinnen	B2
verbraucht	B2
gleichgültig	B2
samt	B2
vorhanden	B2
adoption	B2
zart	B2
eingelassen	B2
ergab	B2
ausgesagt	B2
borgen	B2
spezialeinheit	B2
zerreißen	B2
wanze	B2
phänomen	B2
weitaus	B2
beklagen	B2
phantom	B2
verdoppeln	B2
titelseite	B2
kaviar	B2
reiben	B2
streife	B2
erhoben	B2
analysiert	B2
hebel	B2
urin	B2
iren	B2
begrenzt	B2
erscheinung	B2
neid	B2
tabu	B2
